{
    "manifest": "1",
    "version": "1.0",
    "locale": {
      "default": "en-us",
      "supported": [
        "en-us"
      ]
    },
    "elements": [
      {
        "name": "Tabs",
        "path": "files",
        "version": "1.0",
        "settings": {
          "config": {},
          "properties": [
            {
              "type": "group",
              "name": "filters-setting",
              "label": "filters",
              "properties": [
                {
                  "name": "filters",
                  "label": "Number of Filters",
                  "type": "int",
                  "default": 2,
                  "min": "1",
                  "max": "10"
                }
              ]
            }
          ]
        },
        "tutorial": {
          "introduction": "The Tabs app saves space on your page by allowing content to be displayed in separate tabs within a single element.",
          "type": "steps",
          "content": [
            "Decide upon the number of tabs to display. You can have up to ten tabs in a single element, each with its own content. ",
            "Choose a style and colors for your tabs. There are four different themes to pick from, and you can select colors for the borders and tabs in each style.",
            "Start adding content to your tabs. Click on a tab to enter a title for it, then drag elements into the content area. Each tab’s content area behaves like a page in Weebly, so you can add multiple elements and position them in the same way."
          ],
          "autopop": true
        }
      }
    ]
  }